epoch,time(s),train_loss,test_loss,test_error(%)
001,00028,1.188805,1.51604,48.89
002,00024,0.960542,1.01435,34.83
